id_delivery,fare_estimate
1,3.848333
2,4.459915
3,6.142902
